{
  "rows": 588792,
  "malicious_ratio": 0.3338649302300303,
  "threshold": 0.55,
  "accuracy": 0.9193777121069302,
  "precision": 0.9323282110756741,
  "recall": 0.8178858480008139,
  "f1": 0.871365471641872,
  "roc_auc": 0.9693722306865993,
  "pr_auc": 0.9527389808129878
}