{
  "rows": 622784,
  "malicious_ratio": 0.335803424622341,
  "threshold": 0.55,
  "accuracy": 0.9184228907247285,
  "precision": 0.9318404974907266,
  "recall": 0.8168168886126187,
  "f1": 0.8705456676561644,
  "roc_auc": 0.9690224533822931,
  "pr_auc": 0.9523422281371157
}